,count,mean,std,min,25%,50%,75%,max,skew,kurtosis
PassengerId,891.0,446.0,257.3538420152301,1.0,223.5,446.0,668.5,891.0,0.0,-1.1999999999999997
Survived,891.0,0.3838383838383838,0.4865924542648585,0.0,0.0,0.0,1.0,1.0,0.4785234382949897,-1.775004671066304
Pclass,891.0,2.308641975308642,0.8360712409770513,1.0,2.0,3.0,3.0,3.0,-0.6305479068752845,-1.2800149715782825
Age,714.0,29.69911764705882,14.526497332334044,0.42,20.125,28.0,38.0,80.0,0.38910778230082704,0.17827415364210353
SibSp,891.0,0.5230078563411896,1.1027434322934275,0.0,0.0,0.0,1.0,8.0,3.6953517271630565,17.880419726645968
Parch,891.0,0.38159371492704824,0.8060572211299559,0.0,0.0,0.0,0.0,6.0,2.7491170471010933,9.778125179021648
Fare,891.0,32.204207968574636,49.693428597180905,0.0,7.9104,14.4542,31.0,512.3292,4.787316519674893,33.39814088089868
