feature,VIF
Pclass,4.331430160173253
Age,3.799998544244572
PassengerId,3.705254652668523
Fare,1.873503780573239
Survived,1.712302150524843
SibSp,1.622289852895288
Parch,1.5542135296802764
